Wavelength (nm),A:1,A:2,A:3,A:4,A:5,A:6,A:7,A:8,A:9,A:10,B:1,B:2,B:3,B:4,B:5,B:6,B:7,B:8,B:9,B:10,C:1,C:2,C:3,C:4,C:5,C:6,C:7,C:8,C:9,C:10,D:1,D:2,D:3,D:4,D:5,D:6,D:7,D:8,D:9,D:10,E:1,E:2,E:3,E:4,E:5,E:6,E:7,E:8,E:9,E:10,F:1,F:2,F:3,F:4,F:5,F:6,F:7,F:8,F:9,F:10,G:1,G:2,G:3,G:4,G:5,G:6,G:7,G:8,G:9,G:10,H:1,H:2,H:3,H:4,H:5,H:6,H:7,H:8,H:9,H:10,I:1,I:2,I:3,I:4,I:5,I:6,I:7,I:8,I:9,I:10,J:1,J:2,J:3,J:4,J:5,J:6,J:7,J:8,J:9,J:10,K:1,K:2,K:3,K:4,K:5,K:6,K:7,K:8,K:9,K:10,L:1,L:2,L:3,L:4,L:5,L:6,L:7,L:8,L:9,L:10,M:1,M:2,M:3,M:4,M:5,M:6,M:7,M:8,M:9,M:10
380,0.1063,0.0196,0.0934,0.0681,0.1027,0.0443,0.0247,0.0442,0.0814,0.1029,0.0168,0.0443,0.0706,0.0981,0.058,0.0242,0.0439,0.0292,0.0863,0.0671,0.0172,0.0373,0.0634,0.0771,0.0268,0.045,0.0156,0.0382,0.0887,0.0993,0.0123,0.0508,0.0191,0.0184,0.0208,0.0381,0.1026,0.0544,0.0196,0.0281,0.0391,0.0189,0.0368,0.0732,0.0581,0.0387,0.0836,0.043,0.0124,0.0919,0.0541,0.08,0.0527,0.0634,0.0907,0.0226,0.0777,0.096,0.0405,0.0456,0.103,0.0776,0.066,0.038,0.0571,0.041,0.046,0.0667,0.0851,0.1025,0.0458,0.0164,0.0733,0.0764,0.0538,0.0732,0.0388,0.0599,0.0345,0.0929,0.049,0.0282,0.0682,0.0888,0.0519,0.0599,0.0123,0.0932,0.0437,0.0885,0.0607,0.0332,0.0817,0.0255,0.0318,0.0705,0.0554,0.0676,0.03,0.0751,0.0101,0.0156,0.0855,0.057,0.0758,0.0479,0.0859,0.0216,0.0689,0.022,0.027,0.0458,0.0442,0.093,0.0794,0.0798,0.0698,0.0568,0.0788,0.0159,0.1037,0.0362,0.0915,0.0845,0.104,0.0455,0.093,0.0869,0.0742,0.1039
390,0.1751,0.0223,0.1473,0.0987,0.1708,0.0666,0.0284,0.0612,0.1353,0.171,0.0194,0.0583,0.1008,0.1613,0.0769,0.027,0.0557,0.0371,0.1341,0.1034,0.019,0.0494,0.0932,0.1267,0.0294,0.0574,0.0166,0.0519,0.136,0.1657,0.0133,0.0705,0.0215,0.02,0.0232,0.0512,0.1706,0.0719,0.0209,0.0342,0.0493,0.0204,0.0455,0.1171,0.0891,0.0503,0.1385,0.0541,0.0131,0.1533,0.072,0.1157,0.0707,0.0966,0.1415,0.0239,0.1216,0.1592,0.0506,0.0679,0.1713,0.1092,0.0975,0.0481,0.0805,0.051,0.0684,0.0935,0.1356,0.1704,0.0682,0.018,0.1122,0.1165,0.0688,0.1034,0.0495,0.084,0.0425,0.15,0.0628,0.0339,0.114,0.1358,0.068,0.0862,0.0126,0.1561,0.0566,0.1379,0.0816,0.0397,0.1384,0.0293,0.0386,0.1069,0.0741,0.1002,0.0356,0.1205,0.0107,0.0166,0.1465,0.0788,0.1209,0.0622,0.1235,0.0242,0.0976,0.0287,0.0314,0.0581,0.056,0.1536,0.1159,0.1366,0.1029,0.0763,0.1323,0.0173,0.172,0.0445,0.1471,0.1263,0.1722,0.0677,0.1555,0.1421,0.1124,0.1721
400,0.3921,0.0254,0.2804,0.1556,0.3863,0.112,0.0327,0.0942,0.2924,0.3875,0.0221,0.0804,0.1586,0.3506,0.1112,0.0302,0.0743,0.0507,0.2509,0.1855,0.0213,0.0689,0.1534,0.2687,0.0323,0.0749,0.017,0.0767,0.237,0.371,0.0143,0.1056,0.024,0.0214,0.0254,0.0751,0.3854,0.1001,0.0217,0.0429,0.0647,0.0225,0.0571,0.2275,0.1652,0.0659,0.2959,0.0706,0.0135,0.3495,0.0996,0.1826,0.0996,0.1702,0.2595,0.0226,0.2265,0.3526,0.0658,0.1134,0.3867,0.1653,0.1618,0.0605,0.1261,0.0631,0.114,0.1415,0.2684,0.3861,0.1137,0.0193,0.1998,0.2087,0.0882,0.1594,0.0651,0.1293,0.052,0.3057,0.0843,0.04,0.2377,0.2452,0.0911,0.1413,0.0125,0.3631,0.0773,0.2554,0.1166,0.0492,0.3087,0.0334,0.047,0.1871,0.1044,0.169,0.0428,0.2428,0.0108,0.0178,0.3428,0.1173,0.2343,0.0856,0.195,0.027,0.1465,0.0399,0.0368,0.0751,0.0698,0.3381,0.1777,0.3275,0.1746,0.1094,0.3048,0.0183,0.3877,0.0548,0.2885,0.2129,0.388,0.113,0.3574,0.3009,0.199,0.3887
410,0.6062,0.0269,0.3714,0.1827,0.5994,0.1364,0.0343,0.1155,0.4181,0.6014,0.0231,0.0912,0.1921,0.5141,0.1257,0.0319,0.0838,0.0598,0.3315,0.237,0.023,0.0789,0.1897,0.379,0.0332,0.0818,0.0166,0.09,0.2918,0.5566,0.0144,0.1252,0.0248,0.0219,0.0255,0.0875,0.5976,0.1146,0.0218,0.0463,0.0726,0.0238,0.0617,0.2952,0.2222,0.0707,0.4156,0.0786,0.0135,0.5334,0.1108,0.2152,0.1129,0.2133,0.3244,0.0199,0.2916,0.5207,0.0737,0.1378,0.6005,0.1923,0.1967,0.0639,0.1505,0.0666,0.1384,0.1634,0.3624,0.5987,0.1381,0.0194,0.2511,0.2651,0.0932,0.1827,0.0723,0.1539,0.0542,0.4222,0.0947,0.0413,0.3238,0.3165,0.0989,0.1776,0.0122,0.5717,0.0887,0.3294,0.1349,0.0545,0.4481,0.0344,0.0499,0.2367,0.1171,0.2099,0.0462,0.3375,0.011,0.0188,0.5275,0.1375,0.3118,0.0977,0.2286,0.0277,0.1662,0.0469,0.0386,0.0814,0.0727,0.4952,0.1977,0.5167,0.2155,0.1237,0.4561,0.0183,0.6017,0.0583,0.3817,0.2587,0.6011,0.1371,0.554,0.4213,0.2508,0.602
420,0.7414,0.0278,0.4107,0.1881,0.7349,0.143,0.0355,0.1303,0.4759,0.7368,0.0233,0.096,0.2091,0.5962,0.1261,0.0337,0.0895,0.0669,0.3701,0.2575,0.0255,0.0836,0.209,0.4259,0.0331,0.0835,0.0164,0.095,0.3037,0.6557,0.0148,0.1355,0.025,0.0225,0.0252,0.0921,0.7324,0.1234,0.0219,0.0473,0.0778,0.0256,0.063,0.307,0.2532,0.07,0.4602,0.0832,0.0135,0.6311,0.1123,0.2218,0.1168,0.2245,0.3282,0.0178,0.3128,0.5944,0.0789,0.1446,0.7362,0.1996,0.2077,0.0629,0.1579,0.0653,0.1454,0.1697,0.4007,0.7331,0.1451,0.0191,0.2674,0.2852,0.0909,0.1818,0.0749,0.1654,0.0531,0.4723,0.0997,0.0402,0.3535,0.3485,0.098,0.2002,0.012,0.701,0.0967,0.3542,0.144,0.0585,0.5058,0.0344,0.0506,0.2606,0.1184,0.2289,0.0482,0.386,0.0113,0.02,0.6223,0.147,0.3468,0.1044,0.2315,0.0277,0.1654,0.0512,0.039,0.0824,0.0708,0.5612,0.1881,0.6202,0.2292,0.1258,0.5228,0.0181,0.7376,0.0583,0.408,0.269,0.7358,0.1441,0.6653,0.4669,0.2682,0.7373
430,0.8003,0.0293,0.437,0.1881,0.7948,0.1471,0.0373,0.1477,0.5141,0.7978,0.024,0.1007,0.2251,0.639,0.1202,0.0363,0.0976,0.0778,0.4011,0.2742,0.0293,0.0883,0.23,0.4495,0.0331,0.0859,0.0159,0.1006,0.303,0.6996,0.0151,0.1458,0.0255,0.0235,0.0248,0.0952,0.7927,0.135,0.0225,0.0485,0.085,0.0283,0.0646,0.3022,0.2816,0.0688,0.4762,0.0891,0.0135,0.671,0.1129,0.2222,0.1205,0.2303,0.3172,0.0156,0.3243,0.6128,0.0864,0.1485,0.7956,0.2037,0.2153,0.0616,0.1595,0.0639,0.1493,0.1728,0.4241,0.794,0.1489,0.0188,0.2766,0.2973,0.088,0.175,0.0781,0.1781,0.0517,0.5015,0.106,0.0393,0.3658,0.3732,0.0968,0.2247,0.0119,0.7535,0.1087,0.3672,0.1556,0.0649,0.5268,0.0341,0.0519,0.2838,0.118,0.249,0.0516,0.4256,0.0115,0.0228,0.6569,0.1574,0.3742,0.1133,0.23,0.0276,0.1622,0.0575,0.04,0.0824,0.0684,0.5776,0.1748,0.6596,0.2365,0.1256,0.545,0.0183,0.7973,0.058,0.41,0.2705,0.7959,0.148,0.7067,0.4815,0.2738,0.7984
440,0.8176,0.0308,0.464,0.1881,0.8132,0.1502,0.0396,0.1734,0.5538,0.8165,0.0253,0.1063,0.2443,0.6716,0.1079,0.0394,0.1079,0.0959,0.4374,0.2929,0.0345,0.0946,0.2583,0.4687,0.0323,0.0885,0.015,0.1079,0.3005,0.7209,0.0155,0.1593,0.0258,0.0243,0.0239,0.0978,0.8114,0.1529,0.0224,0.0496,0.095,0.0321,0.066,0.2969,0.3215,0.0685,0.4837,0.0966,0.0133,0.6881,0.1135,0.2221,0.1238,0.2354,0.3013,0.014,0.3338,0.6136,0.0963,0.1519,0.8135,0.2084,0.2228,0.0605,0.1522,0.0625,0.1523,0.1755,0.4478,0.8132,0.1516,0.018,0.2845,0.3041,0.085,0.1622,0.0816,0.1954,0.0505,0.5267,0.1155,0.0383,0.3735,0.3991,0.0951,0.2594,0.0119,0.7655,0.1261,0.3771,0.1722,0.0742,0.5357,0.0337,0.0538,0.3145,0.1161,0.2756,0.056,0.4756,0.0115,0.0262,0.6681,0.1706,0.4066,0.1257,0.2274,0.0275,0.1583,0.0683,0.041,0.0817,0.0662,0.5761,0.1611,0.6729,0.2367,0.1226,0.5438,0.0188,0.8151,0.0571,0.4034,0.2686,0.8146,0.1509,0.7161,0.4784,0.2667,0.8174
450,0.8249,0.0317,0.4886,0.1882,0.8206,0.1504,0.0403,0.1996,0.5744,0.8227,0.0262,0.1108,0.2631,0.6868,0.0955,0.0397,0.1117,0.1128,0.4683,0.3015,0.0379,0.1003,0.2757,0.4846,0.0308,0.0885,0.0142,0.1104,0.2987,0.7333,0.0161,0.1725,0.0256,0.0242,0.0231,0.0979,0.8185,0.1631,0.022,0.0491,0.1013,0.0334,0.0655,0.2951,0.3478,0.0693,0.485,0.0998,0.013,0.6936,0.1138,0.2214,0.1238,0.233,0.2873,0.013,0.3358,0.6125,0.0997,0.152,0.8213,0.2105,0.2244,0.0605,0.1392,0.0615,0.1525,0.1762,0.4591,0.8196,0.1519,0.0173,0.2861,0.3001,0.0833,0.1486,0.0821,0.2036,0.0496,0.5355,0.1221,0.0374,0.375,0.4219,0.0933,0.2936,0.0116,0.7661,0.1356,0.3783,0.1808,0.0785,0.5382,0.0329,0.0548,0.3324,0.1127,0.2895,0.0575,0.5062,0.0112,0.0272,0.6715,0.176,0.4246,0.1312,0.2239,0.0271,0.1557,0.0769,0.0408,0.0802,0.0636,0.5694,0.1504,0.6759,0.2269,0.1172,0.5276,0.019,0.8227,0.0559,0.3927,0.2628,0.8213,0.151,0.7174,0.4608,0.2502,0.8234
460,0.8366,0.0328,0.5264,0.1919,0.8325,0.1508,0.0405,0.2384,0.5917,0.8342,0.0277,0.1179,0.2937,0.692,0.0834,0.0386,0.1116,0.1329,0.5143,0.3091,0.0411,0.1097,0.289,0.5104,0.0291,0.0872,0.014,0.1112,0.3013,0.7544,0.0172,0.194,0.0253,0.024,0.0227,0.0964,0.8304,0.1681,0.0226,0.0481,0.1064,0.0346,0.0646,0.2984,0.3556,0.0729,0.4878,0.1013,0.013,0.6999,0.1153,0.2245,0.123,0.228,0.2742,0.0123,0.3365,0.6157,0.0996,0.1523,0.8332,0.2132,0.2243,0.0625,0.1239,0.0623,0.1528,0.1786,0.465,0.8312,0.1523,0.0173,0.2865,0.2913,0.0834,0.134,0.0817,0.2074,0.0498,0.5367,0.13,0.0372,0.3762,0.458,0.0918,0.3432,0.0115,0.7704,0.1399,0.3782,0.1841,0.0798,0.5424,0.0322,0.0561,0.3424,0.1094,0.2959,0.0579,0.5167,0.0114,0.0272,0.6773,0.1773,0.4352,0.1332,0.2215,0.0271,0.1544,0.0878,0.0402,0.0788,0.0609,0.5633,0.1409,0.6797,0.2126,0.1114,0.508,0.0189,0.8345,0.0552,0.3817,0.2561,0.833,0.1514,0.7229,0.4388,0.2302,0.8348
470,0.8457,0.034,0.5731,0.206,0.8419,0.1517,0.0416,0.2844,0.6068,0.8438,0.0305,0.1268,0.3318,0.685,0.0721,0.0375,0.1105,0.1533,0.568,0.3163,0.0445,0.1223,0.3003,0.5412,0.0275,0.0857,0.0141,0.1115,0.3143,0.775,0.0194,0.2234,0.025,0.0241,0.0229,0.0933,0.84,0.1713,0.0244,0.0474,0.1128,0.0369,0.064,0.3073,0.345,0.0806,0.4913,0.1026,0.0133,0.7021,0.1181,0.2367,0.1225,0.2238,0.2631,0.0117,0.3375,0.6193,0.0987,0.1533,0.8421,0.2227,0.2244,0.0675,0.108,0.0681,0.1537,0.1815,0.4669,0.8413,0.153,0.0178,0.2872,0.2801,0.0857,0.118,0.0813,0.2101,0.0516,0.5304,0.1417,0.0377,0.3776,0.5017,0.0911,0.4013,0.0115,0.7726,0.143,0.3771,0.186,0.0807,0.5466,0.0317,0.0593,0.3486,0.1065,0.2996,0.0588,0.5056,0.0121,0.0274,0.682,0.177,0.4421,0.1346,0.2209,0.0272,0.1543,0.0994,0.0399,0.0779,0.0592,0.5542,0.1337,0.6817,0.1969,0.1059,0.4875,0.0182,0.8434,0.055,0.3704,0.2482,0.8426,0.1521,0.7271,0.416,0.2082,0.8447
480,0.8513,0.0348,0.6227,0.2412,0.8477,0.1525,0.0456,0.3164,0.6159,0.8499,0.0371,0.1367,0.3692,0.661,0.0598,0.0362,0.1099,0.1661,0.6064,0.3197,0.0479,0.1397,0.3108,0.575,0.0254,0.0855,0.0144,0.1112,0.3485,0.7842,0.0249,0.2639,0.0249,0.0243,0.0239,0.0877,0.846,0.1759,0.0285,0.0467,0.1246,0.0418,0.0634,0.3313,0.3171,0.1019,0.4941,0.1044,0.0136,0.6947,0.1242,0.2658,0.1222,0.219,0.2533,0.0111,0.3386,0.624,0.0982,0.1541,0.8476,0.2468,0.2248,0.0814,0.0887,0.085,0.1545,0.1837,0.4676,0.8475,0.1538,0.0189,0.288,0.2627,0.0945,0.1017,0.0813,0.2138,0.0565,0.5104,0.1574,0.0401,0.3789,0.5441,0.093,0.4415,0.0115,0.7705,0.1476,0.3718,0.1891,0.0825,0.5499,0.0312,0.0679,0.3566,0.1023,0.3044,0.061,0.4709,0.0133,0.028,0.6846,0.1771,0.4486,0.1369,0.2232,0.0274,0.1591,0.1051,0.0399,0.0771,0.0589,0.5417,0.1276,0.6818,0.1763,0.0987,0.4587,0.0164,0.849,0.0547,0.3567,0.2384,0.8487,0.1529,0.7277,0.3851,0.1792,0.8508
490,0.8564,0.0351,0.6672,0.3028,0.8529,0.1529,0.0534,0.3167,0.6178,0.8547,0.0496,0.1466,0.4052,0.6224,0.0501,0.0351,0.1109,0.1656,0.6112,0.3178,0.0516,0.1619,0.3218,0.6104,0.0233,0.0902,0.0167,0.1099,0.4077,0.7792,0.0369,0.3178,0.0248,0.0247,0.0289,0.0795,0.8511,0.1841,0.0434,0.0459,0.144,0.0553,0.0631,0.3762,0.2807,0.1562,0.4954,0.107,0.0146,0.6756,0.1395,0.3126,0.122,0.2131,0.2433,0.0107,0.3397,0.6338,0.0992,0.1545,0.8531,0.2873,0.2254,0.1118,0.0711,0.1185,0.1549,0.185,0.4712,0.8523,0.1542,0.0242,0.2887,0.2425,0.1263,0.0885,0.0815,0.2194,0.0648,0.4735,0.1787,0.0483,0.38,0.5874,0.1026,0.4411,0.0114,0.768,0.1553,0.3603,0.1948,0.0857,0.5524,0.0307,0.0845,0.3695,0.0973,0.3127,0.0647,0.4187,0.0175,0.029,0.6865,0.1791,0.4577,0.1407,0.2328,0.0275,0.1763,0.1024,0.04,0.0765,0.0594,0.5309,0.1216,0.6826,0.1552,0.0907,0.4271,0.014,0.8544,0.0543,0.3438,0.2294,0.8538,0.1533,0.7268,0.3522,0.15,0.8555
500,0.8607,0.0352,0.7048,0.4173,0.8575,0.1534,0.0624,0.2888,0.6146,0.8593,0.0653,0.1541,0.4419,0.5776,0.0429,0.0345,0.1135,0.153,0.5861,0.312,0.0564,0.1812,0.336,0.6389,0.0217,0.101,0.0221,0.1076,0.5118,0.7659,0.0559,0.3686,0.0248,0.0256,0.0422,0.0702,0.8558,0.1991,0.094,0.0453,0.1693,0.0886,0.063,0.4258,0.241,0.2665,0.4968,0.1113,0.0166,0.6502,0.1704,0.3854,0.1222,0.203,0.2322,0.0104,0.3418,0.6526,0.1015,0.1549,0.8579,0.3541,0.2268,0.1567,0.0576,0.1902,0.1553,0.187,0.4774,0.857,0.1547,0.0399,0.2902,0.2243,0.22,0.0757,0.0821,0.2289,0.0734,0.4295,0.2144,0.0674,0.3813,0.6374,0.127,0.4051,0.0114,0.7635,0.1689,0.3454,0.2051,0.0915,0.5553,0.0304,0.107,0.391,0.0927,0.3267,0.0696,0.362,0.0275,0.0308,0.6884,0.1827,0.4729,0.1472,0.2551,0.0276,0.213,0.0928,0.0405,0.0761,0.0602,0.5182,0.1152,0.6843,0.1378,0.0834,0.3995,0.0115,0.8592,0.0539,0.3303,0.2203,0.8584,0.1539,0.7262,0.3238,0.1256,0.86
510,0.8644,0.0352,0.7205,0.559,0.8616,0.1539,0.0663,0.2462,0.6024,0.8634,0.0729,0.156,0.4575,0.5333,0.0362,0.0337,0.1136,0.1305,0.5427,0.3018,0.0619,0.1857,0.3508,0.6453,0.0202,0.1121,0.0268,0.1037,0.6306,0.75,0.0713,0.3779,0.0249,0.0266,0.0605,0.0612,0.8599,0.2201,0.185,0.0446,0.1899,0.1331,0.0631,0.4436,0.1985,0.3964,0.4982,0.1168,0.0185,0.6223,0.2102,0.4423,0.1227,0.1827,0.2202,0.0101,0.3444,0.6738,0.1018,0.1554,0.862,0.426,0.2288,0.189,0.0469,0.2931,0.1558,0.1894,0.4826,0.8611,0.1551,0.0655,0.2923,0.2051,0.3703,0.0656,0.0831,0.2412,0.0772,0.3859,0.2568,0.0949,0.3829,0.6642,0.1611,0.3508,0.0113,0.7564,0.1875,0.3288,0.2188,0.099,0.5581,0.03,0.1252,0.4187,0.0876,0.3415,0.0745,0.3098,0.0407,0.0329,0.6897,0.1835,0.4901,0.1554,0.2825,0.0277,0.2626,0.0793,0.0411,0.0754,0.0605,0.4995,0.1094,0.6838,0.1211,0.0761,0.3712,0.0094,0.8634,0.0536,0.3089,0.2085,0.8626,0.1544,0.7241,0.2956,0.1049,0.8642
520,0.8693,0.0352,0.7133,0.662,0.8666,0.1544,0.0672,0.198,0.5779,0.8686,0.0707,0.1544,0.4487,0.4873,0.0293,0.0317,0.1136,0.1021,0.4886,0.2859,0.0675,0.1784,0.3629,0.6383,0.0181,0.1256,0.0306,0.0974,0.7132,0.7334,0.0788,0.3487,0.0249,0.0278,0.0869,0.0522,0.865,0.2472,0.2823,0.0436,0.1999,0.1763,0.0633,0.4405,0.1542,0.478,0.5002,0.1229,0.0199,0.5921,0.2687,0.4463,0.1232,0.1518,0.2067,0.0096,0.3475,0.6968,0.1018,0.1559,0.867,0.4819,0.231,0.2003,0.0376,0.4084,0.1563,0.1925,0.4929,0.8663,0.1556,0.1155,0.2947,0.1781,0.5041,0.0579,0.0841,0.2552,0.0777,0.3415,0.3028,0.1446,0.3849,0.6575,0.2105,0.2896,0.0112,0.752,0.2107,0.3094,0.2352,0.1075,0.5614,0.0296,0.1378,0.4527,0.0802,0.3576,0.0792,0.2592,0.0626,0.0351,0.6908,0.1844,0.5033,0.1646,0.3143,0.0281,0.3453,0.0637,0.0418,0.0749,0.061,0.4813,0.1053,0.6837,0.1001,0.0666,0.3329,0.0079,0.8685,0.0536,0.2821,0.1967,0.8678,0.155,0.7202,0.2583,0.0853,0.8693
530,0.8717,0.035,0.6892,0.7048,0.8693,0.1546,0.0709,0.1507,0.5393,0.8713,0.0625,0.1504,0.4241,0.4441,0.0252,0.0295,0.1194,0.0738,0.4271,0.2631,0.0726,0.1641,0.3663,0.6275,0.0166,0.1421,0.0343,0.0882,0.7547,0.72,0.081,0.305,0.0248,0.0293,0.1219,0.0442,0.8677,0.2802,0.3683,0.042,0.2028,0.2207,0.0633,0.4426,0.1164,0.4887,0.501,0.1295,0.0211,0.5683,0.3441,0.4289,0.1234,0.1239,0.194,0.0093,0.3494,0.7165,0.1071,0.1561,0.8696,0.5263,0.2324,0.1997,0.032,0.5311,0.1564,0.1966,0.5089,0.8691,0.1557,0.2136,0.2963,0.1537,0.5741,0.0517,0.0847,0.2692,0.077,0.3047,0.3511,0.2321,0.3857,0.6287,0.273,0.2283,0.0112,0.7484,0.2371,0.291,0.2518,0.1162,0.5632,0.0293,0.148,0.4932,0.0733,0.3785,0.084,0.2142,0.0962,0.037,0.6905,0.1922,0.5119,0.1736,0.345,0.0291,0.4817,0.0487,0.0428,0.0761,0.061,0.4718,0.102,0.6883,0.0826,0.0579,0.2977,0.007,0.8712,0.0539,0.2639,0.1903,0.8705,0.1551,0.7163,0.2253,0.0731,0.872
540,0.8734,0.0346,0.654,0.705,0.8711,0.1548,0.0754,0.1097,0.491,0.8731,0.0521,0.1445,0.3891,0.405,0.0247,0.029,0.126,0.0508,0.3636,0.2353,0.0763,0.1457,0.3568,0.6106,0.0169,0.149,0.0344,0.0771,0.7698,0.7134,0.0801,0.2632,0.0248,0.0319,0.1403,0.0373,0.8696,0.3174,0.4404,0.0399,0.2101,0.262,0.0632,0.4465,0.0878,0.456,0.5015,0.1376,0.0224,0.5556,0.39,0.4218,0.1235,0.1104,0.1858,0.01,0.3507,0.7299,0.1133,0.1563,0.8714,0.5642,0.2333,0.1946,0.0309,0.6198,0.1566,0.2039,0.5178,0.871,0.1559,0.3083,0.2975,0.1458,0.5846,0.0493,0.0852,0.2821,0.0766,0.2762,0.3954,0.3125,0.3862,0.5866,0.3105,0.1731,0.0112,0.7396,0.2637,0.276,0.2653,0.124,0.5644,0.0298,0.1588,0.5347,0.0725,0.3962,0.0895,0.1756,0.1182,0.0385,0.689,0.2012,0.527,0.1819,0.3635,0.0317,0.6186,0.0364,0.0447,0.0792,0.0588,0.4684,0.097,0.6936,0.0775,0.055,0.2861,0.0066,0.873,0.0554,0.2601,0.1892,0.8723,0.1553,0.7184,0.2149,0.0705,0.8738
550,0.8738,0.0337,0.6093,0.6818,0.8716,0.155,0.0779,0.0767,0.4356,0.8736,0.0414,0.136,0.3459,0.3629,0.0253,0.03,0.129,0.0342,0.3009,0.2032,0.0782,0.1243,0.3318,0.5829,0.0187,0.1487,0.0336,0.0647,0.7722,0.7061,0.0757,0.2215,0.0247,0.0369,0.1413,0.0309,0.8701,0.3567,0.4904,0.0373,0.2189,0.2829,0.0632,0.4447,0.0647,0.4037,0.5013,0.15,0.0249,0.5427,0.3933,0.4154,0.1237,0.103,0.179,0.0115,0.3512,0.7416,0.1161,0.1565,0.8719,0.5934,0.2335,0.1867,0.0309,0.6594,0.1567,0.2177,0.5177,0.8714,0.156,0.3284,0.2985,0.1482,0.5611,0.0506,0.0853,0.2929,0.0771,0.2464,0.4286,0.3476,0.3863,0.5345,0.3207,0.1263,0.0111,0.7248,0.2865,0.2589,0.2728,0.1303,0.5648,0.0314,0.1731,0.5673,0.0776,0.4007,0.0974,0.1397,0.1201,0.0394,0.6844,0.2061,0.5456,0.1893,0.3765,0.0368,0.6958,0.0271,0.0481,0.0852,0.0558,0.4649,0.091,0.6947,0.0799,0.0558,0.2894,0.0067,0.8736,0.059,0.2599,0.1902,0.8728,0.1555,0.7229,0.2187,0.0707,0.8742
560,0.8724,0.0323,0.559,0.6471,0.8702,0.1549,0.0925,0.0531,0.3788,0.8722,0.0321,0.1251,0.2991,0.3191,0.026,0.0304,0.1468,0.0237,0.2449,0.1701,0.0786,0.1022,0.2963,0.5522,0.0212,0.1711,0.0426,0.0526,0.7811,0.6925,0.0678,0.1793,0.0245,0.0467,0.1613,0.0255,0.8687,0.3995,0.5103,0.0341,0.2153,0.2726,0.0634,0.4671,0.0472,0.3456,0.4998,0.1713,0.0292,0.523,0.3737,0.4001,0.124,0.0916,0.173,0.0133,0.3507,0.7569,0.1328,0.1564,0.8706,0.6123,0.233,0.1762,0.0306,0.674,0.1566,0.2417,0.538,0.87,0.156,0.3023,0.2993,0.1459,0.5221,0.0542,0.0854,0.3022,0.0787,0.2141,0.4475,0.3545,0.3861,0.4772,0.3509,0.0907,0.011,0.7155,0.3044,0.2385,0.2748,0.1352,0.5638,0.0342,0.1961,0.5974,0.0847,0.4081,0.1102,0.1089,0.1146,0.0401,0.6795,0.2281,0.5534,0.1966,0.3989,0.0481,0.7183,0.0207,0.0545,0.1004,0.055,0.4767,0.0872,0.7068,0.0798,0.0556,0.2864,0.0069,0.8722,0.0663,0.2643,0.2017,0.8715,0.1554,0.727,0.2168,0.0691,0.8727
570,0.876,0.0306,0.5098,0.6113,0.8738,0.1557,0.1367,0.0399,0.3347,0.8759,0.0259,0.1127,0.2547,0.2902,0.0319,0.0324,0.1979,0.0184,0.2067,0.1443,0.0764,0.0836,0.2632,0.5219,0.027,0.2395,0.0729,0.0437,0.8075,0.6837,0.058,0.145,0.0244,0.0636,0.2249,0.0223,0.8724,0.4495,0.5057,0.0314,0.2112,0.2408,0.0642,0.5343,0.0379,0.2906,0.5009,0.2054,0.0354,0.5133,0.3455,0.397,0.1254,0.0844,0.1875,0.0179,0.3521,0.7815,0.1809,0.1571,0.8742,0.6273,0.2338,0.1646,0.034,0.6846,0.1574,0.2767,0.5922,0.8736,0.1568,0.2773,0.3023,0.1517,0.479,0.0745,0.086,0.3128,0.0816,0.193,0.458,0.3546,0.3885,0.4217,0.424,0.0697,0.011,0.7203,0.3204,0.2259,0.2767,0.1404,0.5657,0.0386,0.2319,0.6358,0.1009,0.4294,0.1299,0.0903,0.1102,0.0408,0.6809,0.285,0.5687,0.2055,0.4378,0.0687,0.7174,0.017,0.0645,0.1307,0.0627,0.5264,0.0934,0.7419,0.0865,0.0586,0.2962,0.0071,0.876,0.0774,0.2986,0.2402,0.8752,0.1562,0.7438,0.2267,0.0747,0.8763
580,0.8761,0.0282,0.4559,0.5683,0.8741,0.1555,0.2173,0.0335,0.3036,0.8762,0.022,0.0979,0.2102,0.2775,0.0507,0.0381,0.2719,0.0161,0.1836,0.1261,0.0677,0.0681,0.235,0.4784,0.0403,0.3429,0.1325,0.038,0.8308,0.6751,0.0466,0.1174,0.0242,0.0844,0.3195,0.021,0.8727,0.4957,0.4779,0.0292,0.2094,0.1978,0.0644,0.6234,0.0343,0.2362,0.4995,0.2417,0.0413,0.517,0.308,0.4019,0.1259,0.0852,0.2591,0.0406,0.3515,0.8034,0.2526,0.1569,0.8744,0.6341,0.233,0.1496,0.0447,0.6891,0.1571,0.3089,0.6417,0.8739,0.1565,0.2614,0.3033,0.1779,0.4279,0.1317,0.0859,0.3198,0.0835,0.1854,0.4595,0.3509,0.3887,0.3627,0.5053,0.059,0.011,0.7245,0.3303,0.2231,0.2803,0.1434,0.5648,0.0435,0.2689,0.6663,0.1347,0.4456,0.1511,0.0823,0.1085,0.0411,0.6797,0.361,0.5987,0.212,0.4764,0.0922,0.7002,0.0148,0.0744,0.1706,0.1159,0.6033,0.1402,0.7778,0.1129,0.069,0.3361,0.0072,0.8762,0.0879,0.3736,0.305,0.8754,0.156,0.7671,0.2662,0.0947,0.8766
590,0.8773,0.0252,0.3995,0.5214,0.8753,0.1549,0.3343,0.0295,0.2815,0.8775,0.0194,0.0815,0.1674,0.2734,0.0908,0.0447,0.3401,0.0149,0.1664,0.1133,0.0537,0.055,0.2104,0.4246,0.0607,0.443,0.2084,0.0345,0.846,0.6637,0.0354,0.0931,0.024,0.1034,0.4071,0.0205,0.874,0.532,0.4359,0.0276,0.1928,0.1538,0.0641,0.7192,0.0327,0.1848,0.4983,0.2635,0.0453,0.5294,0.2645,0.3911,0.1256,0.087,0.4149,0.1058,0.3504,0.8218,0.3209,0.1564,0.8756,0.638,0.2317,0.1318,0.063,0.6927,0.1565,0.3247,0.6586,0.8753,0.156,0.2509,0.3033,0.2109,0.3717,0.2352,0.0854,0.3236,0.0837,0.1849,0.458,0.3472,0.3881,0.3022,0.5616,0.0523,0.011,0.7266,0.3354,0.2254,0.2839,0.1446,0.5641,0.0473,0.2906,0.6857,0.1788,0.4514,0.1682,0.0791,0.1082,0.0409,0.6782,0.4367,0.6232,0.2157,0.5046,0.1051,0.6749,0.0134,0.0815,0.2096,0.268,0.6845,0.2479,0.8075,0.1528,0.0817,0.3876,0.0073,0.8775,0.0941,0.4741,0.3765,0.8767,0.1555,0.79,0.3182,0.1277,0.8779
600,0.8779,0.0221,0.3479,0.4764,0.8761,0.1539,0.4265,0.0262,0.2617,0.8782,0.0174,0.0663,0.1319,0.2686,0.1578,0.0485,0.3546,0.014,0.1499,0.102,0.0407,0.0442,0.1873,0.3712,0.0786,0.5116,0.2708,0.0318,0.8529,0.6447,0.0268,0.0727,0.0237,0.1159,0.4688,0.02,0.8746,0.5525,0.3898,0.0263,0.1629,0.1179,0.0634,0.7836,0.0314,0.1432,0.4965,0.2628,0.0471,0.5362,0.2229,0.362,0.1246,0.084,0.5584,0.1995,0.3482,0.8334,0.3368,0.1552,0.8763,0.6393,0.2296,0.1138,0.0817,0.6948,0.1554,0.3195,0.6473,0.876,0.1548,0.2404,0.3017,0.2286,0.3192,0.3612,0.0844,0.324,0.0822,0.1829,0.4545,0.3435,0.3863,0.2488,0.5997,0.0464,0.0109,0.7246,0.3359,0.2245,0.2826,0.1439,0.5627,0.0489,0.289,0.6913,0.2119,0.4439,0.1779,0.0762,0.1049,0.0405,0.6743,0.4785,0.6232,0.2163,0.5194,0.101,0.6461,0.0125,0.0847,0.2358,0.4475,0.7493,0.339,0.8219,0.183,0.0889,0.4181,0.0076,0.8782,0.0947,0.5729,0.4321,0.8774,0.1543,0.8043,0.3504,0.1595,0.8786
610,0.8783,0.0198,0.3121,0.4438,0.8765,0.1525,0.4718,0.0242,0.2465,0.8787,0.0161,0.0563,0.1095,0.264,0.2582,0.0497,0.3401,0.0136,0.1382,0.0936,0.033,0.0372,0.1702,0.3344,0.088,0.5709,0.3263,0.0298,0.8567,0.6244,0.0219,0.0599,0.0235,0.122,0.5346,0.0197,0.8751,0.5607,0.3544,0.0253,0.1392,0.0961,0.0624,0.8165,0.0307,0.118,0.4944,0.2524,0.0473,0.5328,0.1945,0.3346,0.1231,0.0793,0.6491,0.3071,0.3456,0.8401,0.3236,0.1538,0.8767,0.6392,0.2272,0.1006,0.089,0.696,0.154,0.307,0.6306,0.8765,0.1534,0.2336,0.2994,0.2321,0.2832,0.4763,0.0831,0.3224,0.0801,0.1789,0.4503,0.3398,0.3838,0.2138,0.6511,0.0427,0.0109,0.7231,0.3339,0.221,0.2791,0.1422,0.5609,0.0491,0.278,0.6906,0.228,0.4334,0.1817,0.0741,0.1006,0.0399,0.6702,0.4948,0.6124,0.2152,0.5257,0.0915,0.6234,0.0119,0.0854,0.2494,0.5643,0.7992,0.3658,0.8278,0.1962,0.091,0.4277,0.008,0.8788,0.0926,0.6643,0.4692,0.8779,0.153,0.812,0.3611,0.1718,0.8791
620,0.8779,0.0186,0.2913,0.4242,0.8762,0.1511,0.4887,0.0242,0.2395,0.8783,0.0154,0.0513,0.0981,0.2669,0.3694,0.0496,0.3279,0.014,0.1353,0.0894,0.0295,0.0339,0.1618,0.3163,0.0921,0.6188,0.3722,0.0288,0.858,0.6084,0.0199,0.0538,0.0232,0.1239,0.595,0.0202,0.8747,0.561,0.3341,0.0247,0.1272,0.0858,0.0613,0.8315,0.0322,0.1065,0.492,0.2447,0.0466,0.5278,0.1798,0.3165,0.1213,0.0768,0.7036,0.4143,0.3425,0.8428,0.3119,0.1524,0.8764,0.6381,0.2245,0.0937,0.0847,0.6959,0.1526,0.296,0.6178,0.8762,0.152,0.2369,0.2966,0.2328,0.2644,0.5606,0.0817,0.3197,0.0782,0.1796,0.4458,0.3361,0.3811,0.1962,0.7043,0.0426,0.0109,0.7264,0.3307,0.2219,0.2752,0.1401,0.5588,0.0486,0.2701,0.6882,0.2355,0.4279,0.182,0.0761,0.0966,0.0393,0.6678,0.5005,0.6042,0.213,0.528,0.0853,0.61,0.0116,0.0847,0.2552,0.6256,0.831,0.3565,0.8303,0.2016,0.091,0.4314,0.0085,0.8784,0.0905,0.7348,0.4883,0.8774,0.1516,0.8148,0.3648,0.1653,0.8787
630,0.8766,0.0181,0.2785,0.4119,0.8748,0.1498,0.4932,0.0259,0.238,0.8769,0.0152,0.0489,0.0922,0.2823,0.453,0.049,0.3211,0.015,0.1393,0.0879,0.0279,0.0324,0.1584,0.3086,0.0942,0.6397,0.3939,0.0284,0.8573,0.5992,0.019,0.0513,0.0229,0.1239,0.6218,0.0219,0.8734,0.5582,0.3228,0.0243,0.1218,0.0808,0.0602,0.8377,0.0364,0.1016,0.4893,0.2408,0.0456,0.5355,0.1724,0.3042,0.1195,0.0761,0.7347,0.4927,0.3394,0.8431,0.3054,0.1511,0.8751,0.6365,0.2216,0.0903,0.0858,0.6949,0.1512,0.2873,0.6083,0.8748,0.1507,0.2523,0.2936,0.2342,0.2549,0.6112,0.0803,0.3166,0.0766,0.1909,0.4415,0.3323,0.3784,0.1874,0.7313,0.0455,0.0108,0.7357,0.3272,0.2334,0.2713,0.1379,0.5565,0.0478,0.2663,0.6858,0.2402,0.4268,0.181,0.0845,0.093,0.0387,0.6667,0.5023,0.6001,0.2105,0.5283,0.0822,0.6023,0.0115,0.0835,0.2572,0.6524,0.8462,0.3569,0.8313,0.205,0.0903,0.4346,0.0089,0.8771,0.0887,0.7766,0.4946,0.8761,0.1503,0.8148,0.3677,0.1665,0.8773
640,0.8771,0.0178,0.2685,0.4028,0.8752,0.1488,0.495,0.0279,0.2399,0.8773,0.0152,0.0475,0.0881,0.3069,0.503,0.0484,0.317,0.0162,0.1453,0.0881,0.0271,0.0316,0.1576,0.3045,0.0964,0.6455,0.3998,0.0285,0.8579,0.5964,0.0185,0.0499,0.0227,0.1236,0.6274,0.0243,0.8739,0.5568,0.3153,0.0242,0.1186,0.0778,0.0592,0.8419,0.0426,0.0989,0.4876,0.2388,0.0446,0.5601,0.1674,0.2943,0.1178,0.0771,0.7533,0.5368,0.3368,0.8444,0.3013,0.15,0.8757,0.6363,0.2192,0.0882,0.1028,0.695,0.1502,0.2799,0.601,0.8753,0.1497,0.2743,0.2911,0.2374,0.2486,0.6379,0.0791,0.3142,0.0753,0.2121,0.4386,0.3293,0.3764,0.1814,0.7395,0.0493,0.0108,0.7488,0.3245,0.2543,0.268,0.136,0.5554,0.0471,0.2645,0.6858,0.2456,0.4296,0.1799,0.0978,0.0898,0.0382,0.6681,0.504,0.5986,0.2084,0.5287,0.0801,0.5977,0.0114,0.0823,0.2583,0.6622,0.8542,0.3874,0.8339,0.2091,0.0897,0.4398,0.0091,0.8776,0.0873,0.8,0.4966,0.8765,0.1493,0.8156,0.3723,0.1913,0.8777
650,0.8777,0.0177,0.2609,0.3958,0.8759,0.1479,0.497,0.0296,0.246,0.8779,0.0153,0.047,0.0858,0.331,0.5307,0.0477,0.3163,0.0171,0.1504,0.0904,0.027,0.0316,0.1598,0.3044,0.1001,0.6473,0.4002,0.0292,0.8585,0.5963,0.0186,0.0499,0.0225,0.1232,0.6273,0.0266,0.8746,0.5572,0.312,0.0243,0.1177,0.0766,0.0582,0.8447,0.0484,0.0984,0.486,0.2393,0.0437,0.5908,0.165,0.2865,0.1162,0.0801,0.7648,0.5578,0.3343,0.8459,0.3007,0.1491,0.8763,0.6366,0.2169,0.0874,0.1365,0.6951,0.1493,0.2742,0.5954,0.8759,0.1488,0.293,0.2889,0.244,0.2456,0.6509,0.0779,0.3119,0.0743,0.2356,0.4363,0.3263,0.3747,0.1789,0.7421,0.0526,0.0108,0.7596,0.3222,0.2764,0.2649,0.1342,0.5544,0.0464,0.2656,0.6874,0.2536,0.4366,0.1787,0.1113,0.0869,0.0377,0.6712,0.5054,0.6,0.2063,0.5285,0.0798,0.5959,0.0115,0.0811,0.2592,0.6657,0.8586,0.4404,0.8366,0.2159,0.0893,0.4486,0.0089,0.8783,0.0863,0.813,0.4969,0.8771,0.1484,0.8164,0.3808,0.2382,0.8782
660,0.878,0.0183,0.2604,0.3954,0.8763,0.147,0.5005,0.0311,0.2546,0.8782,0.0158,0.0486,0.0877,0.3448,0.5472,0.047,0.3243,0.0177,0.1556,0.0943,0.0284,0.0331,0.166,0.3139,0.1045,0.6495,0.3991,0.0302,0.8588,0.6,0.0197,0.0526,0.0223,0.1231,0.6271,0.0276,0.875,0.5595,0.3178,0.0245,0.1229,0.0798,0.0573,0.8466,0.0512,0.1035,0.4843,0.2472,0.0429,0.6148,0.1695,0.2851,0.1147,0.0842,0.7728,0.5678,0.3318,0.847,0.3087,0.1481,0.8767,0.6371,0.2145,0.0896,0.1827,0.6952,0.1483,0.2739,0.5951,0.8762,0.1479,0.3007,0.2867,0.2518,0.2514,0.6578,0.0767,0.3098,0.0736,0.2512,0.4344,0.3234,0.3729,0.1846,0.7438,0.0554,0.0108,0.7645,0.3204,0.2906,0.262,0.1326,0.5533,0.0458,0.2741,0.6901,0.263,0.4452,0.1779,0.1191,0.0843,0.0372,0.6744,0.5069,0.6076,0.2044,0.5274,0.0838,0.6006,0.0117,0.0801,0.2602,0.6679,0.861,0.5006,0.839,0.2238,0.089,0.4584,0.0085,0.8788,0.0865,0.8206,0.4967,0.8775,0.1474,0.8169,0.3905,0.2975,0.8786
670,0.8781,0.0193,0.2684,0.4032,0.8764,0.1457,0.5057,0.0318,0.2584,0.8783,0.0162,0.0525,0.0942,0.3411,0.5594,0.0464,0.3406,0.0175,0.1595,0.0963,0.0316,0.0356,0.1727,0.3327,0.1059,0.6528,0.3979,0.0302,0.8589,0.6085,0.0218,0.0576,0.0221,0.1231,0.6287,0.0267,0.875,0.564,0.3322,0.0243,0.1345,0.0875,0.0564,0.8479,0.0489,0.1145,0.4822,0.2625,0.0422,0.624,0.181,0.2918,0.1131,0.085,0.7792,0.5742,0.3293,0.848,0.3248,0.1469,0.8769,0.6379,0.2121,0.0947,0.2318,0.6954,0.1471,0.2807,0.6009,0.8763,0.1467,0.2917,0.2844,0.2536,0.266,0.6623,0.0756,0.3077,0.0732,0.251,0.433,0.3204,0.3706,0.1985,0.746,0.0568,0.0108,0.7613,0.3189,0.29,0.2592,0.131,0.5516,0.0451,0.2902,0.6929,0.2672,0.4475,0.1772,0.1163,0.0819,0.0368,0.6749,0.5084,0.6202,0.2025,0.524,0.0925,0.6118,0.0118,0.0792,0.2613,0.6706,0.8624,0.5539,0.841,0.2257,0.088,0.4606,0.008,0.879,0.0876,0.8254,0.4961,0.8776,0.1463,0.8172,0.3927,0.3558,0.8786
680,0.8775,0.0203,0.2817,0.4161,0.8758,0.1441,0.5128,0.0316,0.2541,0.8777,0.0163,0.057,0.1033,0.324,0.5699,0.0457,0.3598,0.0169,0.1599,0.0948,0.0357,0.0381,0.1761,0.3543,0.1031,0.6571,0.3966,0.029,0.8581,0.6201,0.0245,0.063,0.0219,0.1232,0.6317,0.0247,0.8745,0.5702,0.3499,0.0238,0.1488,0.0975,0.0555,0.8482,0.0433,0.128,0.4793,0.2806,0.0414,0.6193,0.1958,0.3038,0.1115,0.0814,0.7839,0.5797,0.3263,0.8483,0.3436,0.1453,0.8762,0.6383,0.2096,0.1005,0.2763,0.6953,0.1455,0.2924,0.6105,0.8757,0.1451,0.2708,0.2818,0.2472,0.2846,0.6653,0.0745,0.3055,0.0729,0.2375,0.4316,0.3173,0.3676,0.2163,0.7482,0.0561,0.0107,0.7518,0.3175,0.2774,0.2564,0.1295,0.5491,0.0445,0.309,0.6951,0.2636,0.441,0.1765,0.1059,0.0795,0.0364,0.6717,0.51,0.6331,0.2006,0.5215,0.1036,0.6248,0.0119,0.0781,0.2625,0.674,0.8627,0.5947,0.8423,0.2193,0.0862,0.4527,0.0079,0.8783,0.0887,0.8281,0.4952,0.877,0.1447,0.8167,0.3846,0.405,0.878
690,0.8766,0.0212,0.2966,0.4302,0.8751,0.1425,0.5217,0.0317,0.2455,0.8771,0.0163,0.0611,0.1127,0.3095,0.5796,0.0451,0.3773,0.0168,0.1606,0.0911,0.0398,0.04,0.1762,0.3735,0.0984,0.6629,0.3954,0.0277,0.8573,0.6326,0.0272,0.0673,0.0217,0.1233,0.6357,0.0235,0.8738,0.5787,0.3666,0.0231,0.1626,0.1074,0.0546,0.8482,0.0397,0.1409,0.4766,0.2978,0.0407,0.6128,0.2099,0.3173,0.11,0.0761,0.7885,0.5849,0.3234,0.8485,0.3608,0.1436,0.8755,0.6391,0.2071,0.1052,0.3139,0.6952,0.1438,0.306,0.6215,0.8749,0.1433,0.2545,0.2793,0.237,0.3024,0.6687,0.0733,0.3033,0.0724,0.2256,0.4307,0.3142,0.3645,0.2334,0.751,0.056,0.0107,0.744,0.3164,0.266,0.2538,0.128,0.5463,0.0439,0.3266,0.6975,0.2562,0.4304,0.1759,0.0977,0.0773,0.036,0.6669,0.5117,0.6436,0.1988,0.5233,0.1145,0.6363,0.012,0.0771,0.2636,0.6785,0.8626,0.6245,0.8431,0.2095,0.0841,0.4405,0.0084,0.8777,0.0894,0.8301,0.4943,0.8763,0.1431,0.8162,0.3719,0.4443,0.8774
700,0.878,0.0217,0.3112,0.4442,0.8766,0.1411,0.5334,0.0336,0.2345,0.8786,0.0164,0.0639,0.1202,0.3091,0.5896,0.0446,0.3911,0.0178,0.1659,0.0864,0.0429,0.0407,0.1731,0.3878,0.0931,0.6716,0.3952,0.0264,0.8584,0.6454,0.0291,0.0695,0.0216,0.1237,0.6412,0.024,0.8753,0.5904,0.3801,0.0226,0.1729,0.1154,0.054,0.8502,0.0403,0.1506,0.475,0.3119,0.0402,0.6156,0.221,0.3301,0.1088,0.0703,0.7954,0.5909,0.3214,0.8506,0.3748,0.1422,0.877,0.6418,0.2052,0.1083,0.345,0.6966,0.1423,0.3195,0.6334,0.8764,0.1419,0.2532,0.2774,0.2258,0.3163,0.674,0.0724,0.302,0.0719,0.2255,0.4311,0.3121,0.3624,0.2464,0.7563,0.0588,0.0108,0.7451,0.3164,0.2659,0.2518,0.1269,0.545,0.0434,0.341,0.702,0.247,0.4185,0.1757,0.0979,0.0755,0.0358,0.6627,0.5152,0.6523,0.1975,0.5263,0.1232,0.6461,0.0123,0.0765,0.2653,0.6853,0.8645,0.6477,0.846,0.199,0.0821,0.4271,0.0093,0.8793,0.0898,0.8338,0.4945,0.8778,0.1417,0.8176,0.358,0.4757,0.8789
710,0.8779,0.0215,0.3197,0.4527,0.8766,0.1397,0.5454,0.0363,0.2266,0.8785,0.017,0.0643,0.1219,0.32,0.5972,0.0443,0.3959,0.0194,0.173,0.083,0.0436,0.0405,0.1691,0.3909,0.0902,0.6799,0.3944,0.0264,0.858,0.6517,0.0296,0.0692,0.0214,0.1236,0.6449,0.0255,0.8756,0.6024,0.3852,0.0227,0.1753,0.118,0.0533,0.8506,0.0441,0.1528,0.4731,0.3177,0.0396,0.6248,0.2242,0.3373,0.1074,0.0669,0.8003,0.5946,0.3192,0.8511,0.3797,0.1407,0.8771,0.6438,0.2033,0.1084,0.3665,0.6966,0.141,0.3272,0.6394,0.8763,0.1406,0.2632,0.2753,0.218,0.3203,0.6772,0.0715,0.3005,0.0712,0.2352,0.4312,0.3097,0.36,0.2496,0.7605,0.0634,0.0107,0.7509,0.316,0.2748,0.2498,0.1259,0.543,0.0429,0.3472,0.7064,0.2409,0.4101,0.1752,0.1047,0.0738,0.0356,0.6588,0.5179,0.6549,0.1961,0.527,0.1258,0.6485,0.0133,0.0757,0.2663,0.6915,0.8648,0.6629,0.8473,0.1918,0.0806,0.4178,0.0103,0.8795,0.0893,0.8357,0.4937,0.878,0.1404,0.8177,0.3482,0.4966,0.8789
720,0.8763,0.0211,0.318,0.4517,0.8749,0.1385,0.5557,0.039,0.2298,0.8768,0.0185,0.0627,0.1187,0.3354,0.6008,0.0437,0.3923,0.0213,0.1785,0.0849,0.0421,0.0405,0.1696,0.3846,0.0931,0.6866,0.3925,0.0282,0.8558,0.6492,0.0289,0.0687,0.0212,0.1228,0.6459,0.0278,0.874,0.6129,0.3824,0.0236,0.1705,0.1153,0.0524,0.8489,0.0498,0.1485,0.4707,0.3154,0.0388,0.6356,0.2197,0.3359,0.106,0.0694,0.8024,0.5947,0.3164,0.8494,0.3764,0.1395,0.8756,0.6442,0.2009,0.1059,0.379,0.6944,0.1399,0.3258,0.6376,0.8744,0.1393,0.2778,0.2728,0.2213,0.3147,0.677,0.0705,0.2983,0.07,0.2492,0.4304,0.3066,0.3575,0.2444,0.7622,0.0677,0.0105,0.7575,0.3148,0.2872,0.2473,0.1245,0.5405,0.0424,0.3454,0.7111,0.2456,0.4142,0.1741,0.1149,0.0721,0.0351,0.6591,0.5192,0.6529,0.1942,0.5255,0.1227,0.6435,0.0148,0.0746,0.266,0.6954,0.8629,0.6712,0.8466,0.1953,0.0801,0.4217,0.0112,0.8778,0.0878,0.8348,0.4914,0.8762,0.1393,0.816,0.3519,0.5084,0.8774
730,0.8751,0.0211,0.3176,0.4516,0.8742,0.1378,0.5651,0.0432,0.2482,0.8762,0.0216,0.0624,0.1183,0.3563,0.6027,0.0433,0.3929,0.0239,0.1873,0.0938,0.0422,0.0427,0.1793,0.3844,0.1035,0.6923,0.3907,0.0325,0.8539,0.648,0.0293,0.0723,0.021,0.1219,0.6458,0.0303,0.8733,0.6223,0.3833,0.0253,0.1701,0.1155,0.0516,0.8477,0.0578,0.1486,0.4696,0.3165,0.0382,0.65,0.2186,0.3349,0.1048,0.0793,0.8035,0.5933,0.3144,0.8481,0.3773,0.139,0.8745,0.6449,0.1989,0.1052,0.392,0.6922,0.1393,0.3244,0.637,0.8738,0.139,0.2972,0.271,0.2379,0.3138,0.676,0.0696,0.2967,0.069,0.2683,0.4295,0.3037,0.3563,0.2444,0.7636,0.0744,0.0105,0.7664,0.3139,0.3035,0.2452,0.1232,0.5397,0.0419,0.3474,0.7182,0.264,0.4341,0.1728,0.1293,0.0708,0.0345,0.6656,0.5206,0.6553,0.1926,0.5238,0.1228,0.6416,0.0174,0.0735,0.2652,0.6983,0.8612,0.679,0.8464,0.2119,0.0815,0.4422,0.0126,0.8768,0.0867,0.8336,0.4894,0.8753,0.1392,0.8151,0.3725,0.5201,0.8766